County Name,Number of Deaths,Type of Death1,Year (copy),Latitude (generated),Longitude (generated)
Zavala,0,All Deaths (Natural and Injury) where Opioids Were Involved,1999,28.866,-99.761
Zapata,0,All Deaths (Natural and Injury) where Opioids Were Involved,1999,26.971,-99.203
Young,0,All Deaths (Natural and Injury) where Opioids Were Involved,1999,33.175,-98.687
Yoakum,0,All Deaths (Natural and Injury) where Opioids Were Involved,1999,33.173,-102.829
Wood,0,All Deaths (Natural and Injury) where Opioids Were Involved,1999,32.783,-95.407
Wise,0,All Deaths (Natural and Injury) where Opioids Were Involved,1999,33.214,-97.652
Winkler,0,All Deaths (Natural and Injury) where Opioids Were Involved,1999,31.869,-103.062
Wilson,0,All Deaths (Natural and Injury) where Opioids Were Involved,1999,29.176,-98.067
Williamson,0,All Deaths (Natural and Injury) where Opioids Were Involved,1999,30.68,-97.602
Willacy,0,All Deaths (Natural and Injury) where Opioids Were Involved,1999,26.453,-97.585
Wilbarger,0,All Deaths (Natural and Injury) where Opioids Were Involved,1999,34.087,-99.213
Wichita,---,All Deaths (Natural and Injury) where Opioids Were Involved,1999,33.984,-98.688
Wheeler,0,All Deaths (Natural and Injury) where Opioids Were Involved,1999,35.401,-100.269
Wharton,0,All Deaths (Natural and Injury) where Opioids Were Involved,1999,29.286,-96.241
Webb,0,All Deaths (Natural and Injury) where Opioids Were Involved,1999,27.851,-99.505
Washington,0,All Deaths (Natural and Injury) where Opioids Were Involved,1999,30.209,-96.437
Ward,0,All Deaths (Natural and Injury) where Opioids Were Involved,1999,31.511,-103.189
Waller,0,All Deaths (Natural and Injury) where Opioids Were Involved,1999,29.981,-95.997
Walker,0,All Deaths (Natural and Injury) where Opioids Were Involved,1999,30.727,-95.595
Victoria,0,All Deaths (Natural and Injury) where Opioids Were Involved,1999,28.802,-96.974
Van Zandt,0,All Deaths (Natural and Injury) where Opioids Were Involved,1999,32.556,-95.762
Val Verde,0,All Deaths (Natural and Injury) where Opioids Were Involved,1999,29.905,-101.23
Uvalde,0,All Deaths (Natural and Injury) where Opioids Were Involved,1999,29.357,-99.762
Upton,0,All Deaths (Natural and Injury) where Opioids Were Involved,1999,31.367,-102.046
Upshur,0,All Deaths (Natural and Injury) where Opioids Were Involved,1999,32.73,-94.912
Tyler,0,All Deaths (Natural and Injury) where Opioids Were Involved,1999,30.779,-94.354
Trinity,0,All Deaths (Natural and Injury) where Opioids Were Involved,1999,31.068,-95.138
Travis,---,All Deaths (Natural and Injury) where Opioids Were Involved,1999,30.249,-97.771
Tom Green,---,All Deaths (Natural and Injury) where Opioids Were Involved,1999,31.447,-100.689
Titus,0,All Deaths (Natural and Injury) where Opioids Were Involved,1999,33.23,-94.967
Throckmorton,0,All Deaths (Natural and Injury) where Opioids Were Involved,1999,33.177,-99.211
Terry,0,All Deaths (Natural and Injury) where Opioids Were Involved,1999,33.173,-102.335
Terrell,0,All Deaths (Natural and Injury) where Opioids Were Involved,1999,30.224,-102.106
Taylor,0,All Deaths (Natural and Injury) where Opioids Were Involved,1999,32.301,-99.89
Tarrant,---,All Deaths (Natural and Injury) where Opioids Were Involved,1999,32.77,-97.291
Swisher,0,All Deaths (Natural and Injury) where Opioids Were Involved,1999,34.53,-101.734
Sutton,0,All Deaths (Natural and Injury) where Opioids Were Involved,1999,30.497,-100.538
Stonewall,0,All Deaths (Natural and Injury) where Opioids Were Involved,1999,33.179,-100.254
Sterling,0,All Deaths (Natural and Injury) where Opioids Were Involved,1999,31.823,-101.044
Stephens,0,All Deaths (Natural and Injury) where Opioids Were Involved,1999,32.736,-98.835
Starr,0,All Deaths (Natural and Injury) where Opioids Were Involved,1999,26.551,-98.746
Somervell,0,All Deaths (Natural and Injury) where Opioids Were Involved,1999,32.223,-97.779
Smith,---,All Deaths (Natural and Injury) where Opioids Were Involved,1999,32.358,-95.289
Sherman,0,All Deaths (Natural and Injury) where Opioids Were Involved,1999,36.277,-101.893
Shelby,0,All Deaths (Natural and Injury) where Opioids Were Involved,1999,31.802,-94.152
Shackelford,0,All Deaths (Natural and Injury) where Opioids Were Involved,1999,32.736,-99.354
Scurry,0,All Deaths (Natural and Injury) where Opioids Were Involved,1999,32.745,-100.915
Schleicher,0,All Deaths (Natural and Injury) where Opioids Were Involved,1999,30.897,-100.538
San Saba,0,All Deaths (Natural and Injury) where Opioids Were Involved,1999,31.152,-98.753
San Patricio,---,All Deaths (Natural and Injury) where Opioids Were Involved,1999,27.999,-97.521
San Jacinto,---,All Deaths (Natural and Injury) where Opioids Were Involved,1999,30.518,-95.094
San Augustine,0,All Deaths (Natural and Injury) where Opioids Were Involved,1999,31.385,-94.191
Sabine,0,All Deaths (Natural and Injury) where Opioids Were Involved,1999,31.363,-93.821
Rusk,0,All Deaths (Natural and Injury) where Opioids Were Involved,1999,32.107,-94.719
Runnels,0,All Deaths (Natural and Injury) where Opioids Were Involved,1999,31.83,-99.975
Rockwall,0,All Deaths (Natural and Injury) where Opioids Were Involved,1999,32.897,-96.408
Robertson,0,All Deaths (Natural and Injury) where Opioids Were Involved,1999,30.981,-96.532
Roberts,0,All Deaths (Natural and Injury) where Opioids Were Involved,1999,35.838,-100.812
Refugio,0,All Deaths (Natural and Injury) where Opioids Were Involved,1999,28.324,-97.152
Reeves,0,All Deaths (Natural and Injury) where Opioids Were Involved,1999,31.218,-103.556
Red River,0,All Deaths (Natural and Injury) where Opioids Were Involved,1999,33.619,-95.021
Real,0,All Deaths (Natural and Injury) where Opioids Were Involved,1999,29.849,-99.832
Reagan,0,All Deaths (Natural and Injury) where Opioids Were Involved,1999,31.365,-101.521
Randall,---,All Deaths (Natural and Injury) where Opioids Were Involved,1999,34.965,-101.895
Rains,0,All Deaths (Natural and Injury) where Opioids Were Involved,1999,32.873,-95.811
Presidio,0,All Deaths (Natural and Injury) where Opioids Were Involved,1999,30.029,-104.386
Potter,0,All Deaths (Natural and Injury) where Opioids Were Involved,1999,35.401,-101.895
Polk,0,All Deaths (Natural and Injury) where Opioids Were Involved,1999,30.832,-94.869
Pecos,0,All Deaths (Natural and Injury) where Opioids Were Involved,1999,30.728,-102.676
Parmer,0,All Deaths (Natural and Injury) where Opioids Were Involved,1999,34.53,-102.784
Parker,0,All Deaths (Natural and Injury) where Opioids Were Involved,1999,32.777,-97.805
Panola,0,All Deaths (Natural and Injury) where Opioids Were Involved,1999,32.157,-94.308
Palo Pinto,0,All Deaths (Natural and Injury) where Opioids Were Involved,1999,32.759,-98.316
Orange,0,All Deaths (Natural and Injury) where Opioids Were Involved,1999,30.114,-93.903
Oldham,0,All Deaths (Natural and Injury) where Opioids Were Involved,1999,35.405,-102.602
Ochiltree,0,All Deaths (Natural and Injury) where Opioids Were Involved,1999,36.278,-100.815
Nueces,0,All Deaths (Natural and Injury) where Opioids Were Involved,1999,27.711,-97.463
Nolan,0,All Deaths (Natural and Injury) where Opioids Were Involved,1999,32.303,-100.405
Newton,0,All Deaths (Natural and Injury) where Opioids Were Involved,1999,30.879,-93.709
Navarro,0,All Deaths (Natural and Injury) where Opioids Were Involved,1999,32.045,-96.473
Nacogdoches,0,All Deaths (Natural and Injury) where Opioids Were Involved,1999,31.643,-94.639
Motley,0,All Deaths (Natural and Injury) where Opioids Were Involved,1999,34.073,-100.779
Morris,0,All Deaths (Natural and Injury) where Opioids Were Involved,1999,33.116,-94.736
Moore,0,All Deaths (Natural and Injury) where Opioids Were Involved,1999,35.837,-101.892
Montgomery,0,All Deaths (Natural and Injury) where Opioids Were Involved,1999,30.306,-95.463
Montague,0,All Deaths (Natural and Injury) where Opioids Were Involved,1999,33.685,-97.731
Mitchell,0,All Deaths (Natural and Injury) where Opioids Were Involved,1999,32.306,-100.922
Mills,0,All Deaths (Natural and Injury) where Opioids Were Involved,1999,31.515,-98.63
Milam,0,All Deaths (Natural and Injury) where Opioids Were Involved,1999,30.798,-96.963
Midland,0,All Deaths (Natural and Injury) where Opioids Were Involved,1999,31.869,-102.031
Menard,0,All Deaths (Natural and Injury) where Opioids Were Involved,1999,30.898,-99.8
Medina,0,All Deaths (Natural and Injury) where Opioids Were Involved,1999,29.357,-99.109
McMullen,0,All Deaths (Natural and Injury) where Opioids Were Involved,1999,28.352,-98.568
McLennan,0,All Deaths (Natural and Injury) where Opioids Were Involved,1999,31.549,-97.203
McCulloch,0,All Deaths (Natural and Injury) where Opioids Were Involved,1999,31.182,-99.347
Maverick,0,All Deaths (Natural and Injury) where Opioids Were Involved,1999,28.801,-100.389
Matagorda,0,All Deaths (Natural and Injury) where Opioids Were Involved,1999,28.859,-95.945
Mason,0,All Deaths (Natural and Injury) where Opioids Were Involved,1999,30.719,-99.224
Martin,0,All Deaths (Natural and Injury) where Opioids Were Involved,1999,32.305,-101.949
Marion,0,All Deaths (Natural and Injury) where Opioids Were Involved,1999,32.788,-94.376
Madison,0,All Deaths (Natural and Injury) where Opioids Were Involved,1999,30.973,-95.926
Lynn,0,All Deaths (Natural and Injury) where Opioids Were Involved,1999,33.176,-101.816
Lubbock,---,All Deaths (Natural and Injury) where Opioids Were Involved,1999,33.61,-101.821
Loving,0,All Deaths (Natural and Injury) where Opioids Were Involved,1999,31.855,-103.655
Llano,0,All Deaths (Natural and Injury) where Opioids Were Involved,1999,30.71,-98.657
Live Oak,0,All Deaths (Natural and Injury) where Opioids Were Involved,1999,28.345,-98.071
Lipscomb,0,All Deaths (Natural and Injury) where Opioids Were Involved,1999,36.277,-100.273
Limestone,0,All Deaths (Natural and Injury) where Opioids Were Involved,1999,31.515,-96.584
Liberty,---,All Deaths (Natural and Injury) where Opioids Were Involved,1999,30.188,-94.804
Leon,0,All Deaths (Natural and Injury) where Opioids Were Involved,1999,31.304,-95.993
Lee,0,All Deaths (Natural and Injury) where Opioids Were Involved,1999,30.296,-96.987
Lavaca,0,All Deaths (Natural and Injury) where Opioids Were Involved,1999,29.361,-96.9
Lampasas,0,All Deaths (Natural and Injury) where Opioids Were Involved,1999,31.232,-98.238
Lamb,0,All Deaths (Natural and Injury) where Opioids Were Involved,1999,34.069,-102.35
Lamar,0,All Deaths (Natural and Injury) where Opioids Were Involved,1999,33.702,-95.582
La Salle,0,All Deaths (Natural and Injury) where Opioids Were Involved,1999,28.344,-99.098
Knox,0,All Deaths (Natural and Injury) where Opioids Were Involved,1999,33.602,-99.734
Kleberg,0,All Deaths (Natural and Injury) where Opioids Were Involved,1999,27.419,-97.612
Kinney,0,All Deaths (Natural and Injury) where Opioids Were Involved,1999,29.354,-100.454
King,0,All Deaths (Natural and Injury) where Opioids Were Involved,1999,33.616,-100.254
Kimble,0,All Deaths (Natural and Injury) where Opioids Were Involved,1999,30.5,-99.709
Kerr,0,All Deaths (Natural and Injury) where Opioids Were Involved,1999,30.096,-99.337
Kent,0,All Deaths (Natural and Injury) where Opioids Were Involved,1999,33.181,-100.777
Kenedy,0,All Deaths (Natural and Injury) where Opioids Were Involved,1999,26.938,-97.605
Kendall,0,All Deaths (Natural and Injury) where Opioids Were Involved,1999,29.941,-98.667
Kaufman,0,All Deaths (Natural and Injury) where Opioids Were Involved,1999,32.586,-96.302
Karnes,0,All Deaths (Natural and Injury) where Opioids Were Involved,1999,28.902,-97.882
Jones,0,All Deaths (Natural and Injury) where Opioids Were Involved,1999,32.74,-99.879
Johnson,0,All Deaths (Natural and Injury) where Opioids Were Involved,1999,32.381,-97.351
Jim Wells,0,All Deaths (Natural and Injury) where Opioids Were Involved,1999,27.846,-98.012
Jim Hogg,0,All Deaths (Natural and Injury) where Opioids Were Involved,1999,27.07,-98.686
Jefferson,---,All Deaths (Natural and Injury) where Opioids Were Involved,1999,29.879,-94.129
Jeff Davis,0,All Deaths (Natural and Injury) where Opioids Were Involved,1999,30.76,-104.209
Jasper,0,All Deaths (Natural and Injury) where Opioids Were Involved,1999,30.941,-94.162
Jackson,0,All Deaths (Natural and Injury) where Opioids Were Involved,1999,28.975,-96.623
Jack,0,All Deaths (Natural and Injury) where Opioids Were Involved,1999,33.235,-98.172
Irion,0,All Deaths (Natural and Injury) where Opioids Were Involved,1999,31.304,-100.981
Hutchinson,0,All Deaths (Natural and Injury) where Opioids Were Involved,1999,35.84,-101.354
Hunt,0,All Deaths (Natural and Injury) where Opioids Were Involved,1999,33.109,-96.077
Hudspeth,0,All Deaths (Natural and Injury) where Opioids Were Involved,1999,31.462,-105.452
Howard,0,All Deaths (Natural and Injury) where Opioids Were Involved,1999,32.305,-101.434
Houston,0,All Deaths (Natural and Injury) where Opioids Were Involved,1999,31.342,-95.367
Hopkins,---,All Deaths (Natural and Injury) where Opioids Were Involved,1999,33.159,-95.585
Hood,---,All Deaths (Natural and Injury) where Opioids Were Involved,1999,32.421,-97.841
Hockley,0,All Deaths (Natural and Injury) where Opioids Were Involved,1999,33.606,-102.345
Hill,---,All Deaths (Natural and Injury) where Opioids Were Involved,1999,32.044,-97.108
Hidalgo,---,All Deaths (Natural and Injury) where Opioids Were Involved,1999,26.429,-98.224
Henderson,0,All Deaths (Natural and Injury) where Opioids Were Involved,1999,32.188,-95.941
Hemphill,0,All Deaths (Natural and Injury) where Opioids Were Involved,1999,35.837,-100.27
Hays,0,All Deaths (Natural and Injury) where Opioids Were Involved,1999,30.001,-98.003
Haskell,0,All Deaths (Natural and Injury) where Opioids Were Involved,1999,33.178,-99.731
Hartley,0,All Deaths (Natural and Injury) where Opioids Were Involved,1999,35.84,-102.602
Harrison,0,All Deaths (Natural and Injury) where Opioids Were Involved,1999,32.522,-94.372
Harris,---,All Deaths (Natural and Injury) where Opioids Were Involved,1999,29.849,-95.434
Hardin,0,All Deaths (Natural and Injury) where Opioids Were Involved,1999,30.312,-94.401
Hardeman,0,All Deaths (Natural and Injury) where Opioids Were Involved,1999,34.253,-99.736
Hansford,0,All Deaths (Natural and Injury) where Opioids Were Involved,1999,36.277,-101.354
Hamilton,0,All Deaths (Natural and Injury) where Opioids Were Involved,1999,31.73,-98.115
Hall,0,All Deaths (Natural and Injury) where Opioids Were Involved,1999,34.53,-100.681
Hale,---,All Deaths (Natural and Injury) where Opioids Were Involved,1999,34.07,-101.826
Guadalupe,0,All Deaths (Natural and Injury) where Opioids Were Involved,1999,29.579,-97.971
Grimes,0,All Deaths (Natural and Injury) where Opioids Were Involved,1999,30.539,-95.996
Gregg,0,All Deaths (Natural and Injury) where Opioids Were Involved,1999,32.501,-94.783
Grayson,---,All Deaths (Natural and Injury) where Opioids Were Involved,1999,33.659,-96.662
Gray,0,All Deaths (Natural and Injury) where Opioids Were Involved,1999,35.401,-100.812
Gonzales,0,All Deaths (Natural and Injury) where Opioids Were Involved,1999,29.443,-97.494
Goliad,0,All Deaths (Natural and Injury) where Opioids Were Involved,1999,28.654,-97.466
Glasscock,0,All Deaths (Natural and Injury) where Opioids Were Involved,1999,31.869,-101.52
Gillespie,0,All Deaths (Natural and Injury) where Opioids Were Involved,1999,30.318,-98.945
Garza,0,All Deaths (Natural and Injury) where Opioids Were Involved,1999,33.179,-101.298
Galveston,0,All Deaths (Natural and Injury) where Opioids Were Involved,1999,29.3482,-95.0128
Gaines,0,All Deaths (Natural and Injury) where Opioids Were Involved,1999,32.74,-102.633
Frio,0,All Deaths (Natural and Injury) where Opioids Were Involved,1999,28.867,-99.107
Freestone,0,All Deaths (Natural and Injury) where Opioids Were Involved,1999,31.715,-96.138
Franklin,0,All Deaths (Natural and Injury) where Opioids Were Involved,1999,33.169,-95.216
Fort Bend,0,All Deaths (Natural and Injury) where Opioids Were Involved,1999,29.535,-95.756
Foard,0,All Deaths (Natural and Injury) where Opioids Were Involved,1999,33.958,-99.761
Floyd,0,All Deaths (Natural and Injury) where Opioids Were Involved,1999,34.072,-101.303
Fisher,0,All Deaths (Natural and Injury) where Opioids Were Involved,1999,32.743,-100.402
Fayette,0,All Deaths (Natural and Injury) where Opioids Were Involved,1999,29.85,-96.943
Fannin,0,All Deaths (Natural and Injury) where Opioids Were Involved,1999,33.605,-96.114
Falls,0,All Deaths (Natural and Injury) where Opioids Were Involved,1999,31.253,-96.937
Erath,0,All Deaths (Natural and Injury) where Opioids Were Involved,1999,32.215,-98.208
Ellis,0,All Deaths (Natural and Injury) where Opioids Were Involved,1999,32.35,-96.735
El Paso,---,All Deaths (Natural and Injury) where Opioids Were Involved,1999,31.804,-106.299
Edwards,0,All Deaths (Natural and Injury) where Opioids Were Involved,1999,29.956,-100.227
Ector,0,All Deaths (Natural and Injury) where Opioids Were Involved,1999,31.869,-102.543
Eastland,0,All Deaths (Natural and Injury) where Opioids Were Involved,1999,32.326,-98.796
Duval,0,All Deaths (Natural and Injury) where Opioids Were Involved,1999,27.661,-98.517
Donley,0,All Deaths (Natural and Injury) where Opioids Were Involved,1999,34.965,-100.814
Dimmit,0,All Deaths (Natural and Injury) where Opioids Were Involved,1999,28.422,-99.754
Dickens,0,All Deaths (Natural and Injury) where Opioids Were Involved,1999,33.616,-100.779
DeWitt,0,All Deaths (Natural and Injury) where Opioids Were Involved,1999,29.096,-97.365
Denton,---,All Deaths (Natural and Injury) where Opioids Were Involved,1999,33.203,-97.116
Delta,0,All Deaths (Natural and Injury) where Opioids Were Involved,1999,33.414,-95.583
Deaf Smith,0,All Deaths (Natural and Injury) where Opioids Were Involved,1999,34.966,-102.605
Dawson,0,All Deaths (Natural and Injury) where Opioids Were Involved,1999,32.742,-101.948
Dallas,---,All Deaths (Natural and Injury) where Opioids Were Involved,1999,32.766,-96.777
Dallam,0,All Deaths (Natural and Injury) where Opioids Were Involved,1999,36.277,-102.602
Culberson,0,All Deaths (Natural and Injury) where Opioids Were Involved,1999,31.453,-104.471
Crosby,0,All Deaths (Natural and Injury) where Opioids Were Involved,1999,33.614,-101.301
Crockett,0,All Deaths (Natural and Injury) where Opioids Were Involved,1999,30.858,-101.675
Crane,0,All Deaths (Natural and Injury) where Opioids Were Involved,1999,31.456,-102.534
Cottle,0,All Deaths (Natural and Injury) where Opioids Were Involved,1999,34.074,-100.258
Coryell,0,All Deaths (Natural and Injury) where Opioids Were Involved,1999,31.39,-97.799
Cooke,---,All Deaths (Natural and Injury) where Opioids Were Involved,1999,33.67,-97.215
Concho,0,All Deaths (Natural and Injury) where Opioids Were Involved,1999,31.332,-99.858
Comanche,0,All Deaths (Natural and Injury) where Opioids Were Involved,1999,31.981,-98.54
Comal,0,All Deaths (Natural and Injury) where Opioids Were Involved,1999,29.809,-98.322
Colorado,0,All Deaths (Natural and Injury) where Opioids Were Involved,1999,29.604,-96.524
Collingsworth,0,All Deaths (Natural and Injury) where Opioids Were Involved,1999,34.965,-100.27
Collin,0,All Deaths (Natural and Injury) where Opioids Were Involved,1999,33.191,-96.569
Coleman,0,All Deaths (Natural and Injury) where Opioids Were Involved,1999,31.757,-99.459
Coke,0,All Deaths (Natural and Injury) where Opioids Were Involved,1999,31.888,-100.53
Cochran,0,All Deaths (Natural and Injury) where Opioids Were Involved,1999,33.606,-102.825
Clay,0,All Deaths (Natural and Injury) where Opioids Were Involved,1999,33.79,-98.184
Childress,0,All Deaths (Natural and Injury) where Opioids Were Involved,1999,34.529,-100.207
Cherokee,0,All Deaths (Natural and Injury) where Opioids Were Involved,1999,31.857,-95.164
Chambers,0,All Deaths (Natural and Injury) where Opioids Were Involved,1999,29.713,-94.685
Castro,0,All Deaths (Natural and Injury) where Opioids Were Involved,1999,34.529,-102.261
Cass,0,All Deaths (Natural and Injury) where Opioids Were Involved,1999,33.068,-94.348
Carson,0,All Deaths (Natural and Injury) where Opioids Were Involved,1999,35.403,-101.354
Camp,0,All Deaths (Natural and Injury) where Opioids Were Involved,1999,32.988,-94.936
Callahan,0,All Deaths (Natural and Injury) where Opioids Were Involved,1999,32.297,-99.372
Calhoun,0,All Deaths (Natural and Injury) where Opioids Were Involved,1999,28.44,-96.626
Caldwell,0,All Deaths (Natural and Injury) where Opioids Were Involved,1999,29.833,-97.607
Burnet,0,All Deaths (Natural and Injury) where Opioids Were Involved,1999,30.731,-98.144
Burleson,0,All Deaths (Natural and Injury) where Opioids Were Involved,1999,30.514,-96.617
Brown,0,All Deaths (Natural and Injury) where Opioids Were Involved,1999,31.797,-98.936
Brooks,0,All Deaths (Natural and Injury) where Opioids Were Involved,1999,27.022,-98.261
Briscoe,0,All Deaths (Natural and Injury) where Opioids Were Involved,1999,34.529,-101.208
Brewster,0,All Deaths (Natural and Injury) where Opioids Were Involved,1999,29.747,-103.06
Brazos,---,All Deaths (Natural and Injury) where Opioids Were Involved,1999,30.707,-96.34
Brazoria,---,All Deaths (Natural and Injury) where Opioids Were Involved,1999,29.11,-95.465
Bowie,0,All Deaths (Natural and Injury) where Opioids Were Involved,1999,33.406,-94.394
Bosque,0,All Deaths (Natural and Injury) where Opioids Were Involved,1999,31.92,-97.641
Borden,0,All Deaths (Natural and Injury) where Opioids Were Involved,1999,32.743,-101.432
Blanco,0,All Deaths (Natural and Injury) where Opioids Were Involved,1999,30.236,-98.358
Bexar,---,All Deaths (Natural and Injury) where Opioids Were Involved,1999,29.433,-98.461
Bell,0,All Deaths (Natural and Injury) where Opioids Were Involved,1999,31.051,-97.492
Bee,0,All Deaths (Natural and Injury) where Opioids Were Involved,1999,28.394,-97.732
Baylor,0,All Deaths (Natural and Injury) where Opioids Were Involved,1999,33.616,-99.214
Bastrop,0,All Deaths (Natural and Injury) where Opioids Were Involved,1999,30.104,-97.336
Bandera,0,All Deaths (Natural and Injury) where Opioids Were Involved,1999,29.76,-99.191
Bailey,0,All Deaths (Natural and Injury) where Opioids Were Involved,1999,34.068,-102.831
Austin,0,All Deaths (Natural and Injury) where Opioids Were Involved,1999,29.927,-96.313
Atascosa,0,All Deaths (Natural and Injury) where Opioids Were Involved,1999,28.888,-98.451
Armstrong,0,All Deaths (Natural and Injury) where Opioids Were Involved,1999,34.965,-101.357
Archer,0,All Deaths (Natural and Injury) where Opioids Were Involved,1999,33.615,-98.687
Aransas,0,All Deaths (Natural and Injury) where Opioids Were Involved,1999,28.0641,-97.0988
Angelina,0,All Deaths (Natural and Injury) where Opioids Were Involved,1999,31.248,-94.567
Andrews,0,All Deaths (Natural and Injury) where Opioids Were Involved,1999,32.304,-102.637
Anderson,0,All Deaths (Natural and Injury) where Opioids Were Involved,1999,31.788,-95.661
Zavala,0,All Deaths (Natural and Injury) where Opioids Were Involved,1999,28.866,-99.761
Zapata,0,All Deaths (Natural and Injury) where Opioids Were Involved,1999,26.971,-99.203
Young,0,All Deaths (Natural and Injury) where Opioids Were Involved,1999,33.175,-98.687
Yoakum,0,All Deaths (Natural and Injury) where Opioids Were Involved,1999,33.173,-102.829
Wood,0,All Deaths (Natural and Injury) where Opioids Were Involved,1999,32.783,-95.407
Wise,0,All Deaths (Natural and Injury) where Opioids Were Involved,1999,33.214,-97.652
Winkler,0,All Deaths (Natural and Injury) where Opioids Were Involved,1999,31.869,-103.062
Wilson,0,All Deaths (Natural and Injury) where Opioids Were Involved,1999,29.176,-98.067
Williamson,0,All Deaths (Natural and Injury) where Opioids Were Involved,1999,30.68,-97.602
Willacy,0,All Deaths (Natural and Injury) where Opioids Were Involved,1999,26.453,-97.585
Wilbarger,0,All Deaths (Natural and Injury) where Opioids Were Involved,1999,34.087,-99.213
Wichita,---,All Deaths (Natural and Injury) where Opioids Were Involved,1999,33.984,-98.688
Wheeler,0,All Deaths (Natural and Injury) where Opioids Were Involved,1999,35.401,-100.269
Wharton,0,All Deaths (Natural and Injury) where Opioids Were Involved,1999,29.286,-96.241
Webb,0,All Deaths (Natural and Injury) where Opioids Were Involved,1999,27.851,-99.505
Washington,0,All Deaths (Natural and Injury) where Opioids Were Involved,1999,30.209,-96.437
Ward,0,All Deaths (Natural and Injury) where Opioids Were Involved,1999,31.511,-103.189
Waller,0,All Deaths (Natural and Injury) where Opioids Were Involved,1999,29.981,-95.997
Walker,0,All Deaths (Natural and Injury) where Opioids Were Involved,1999,30.727,-95.595
Victoria,0,All Deaths (Natural and Injury) where Opioids Were Involved,1999,28.802,-96.974
Van Zandt,0,All Deaths (Natural and Injury) where Opioids Were Involved,1999,32.556,-95.762
Val Verde,0,All Deaths (Natural and Injury) where Opioids Were Involved,1999,29.905,-101.23
Uvalde,0,All Deaths (Natural and Injury) where Opioids Were Involved,1999,29.357,-99.762
Upton,0,All Deaths (Natural and Injury) where Opioids Were Involved,1999,31.367,-102.046
Upshur,0,All Deaths (Natural and Injury) where Opioids Were Involved,1999,32.73,-94.912
Tyler,0,All Deaths (Natural and Injury) where Opioids Were Involved,1999,30.779,-94.354
Trinity,0,All Deaths (Natural and Injury) where Opioids Were Involved,1999,31.068,-95.138
Travis,---,All Deaths (Natural and Injury) where Opioids Were Involved,1999,30.249,-97.771
Tom Green,---,All Deaths (Natural and Injury) where Opioids Were Involved,1999,31.447,-100.689
Titus,0,All Deaths (Natural and Injury) where Opioids Were Involved,1999,33.23,-94.967
Throckmorton,0,All Deaths (Natural and Injury) where Opioids Were Involved,1999,33.177,-99.211
Terry,0,All Deaths (Natural and Injury) where Opioids Were Involved,1999,33.173,-102.335
Terrell,0,All Deaths (Natural and Injury) where Opioids Were Involved,1999,30.224,-102.106
Taylor,0,All Deaths (Natural and Injury) where Opioids Were Involved,1999,32.301,-99.89
Tarrant,---,All Deaths (Natural and Injury) where Opioids Were Involved,1999,32.77,-97.291
Swisher,0,All Deaths (Natural and Injury) where Opioids Were Involved,1999,34.53,-101.734
Sutton,0,All Deaths (Natural and Injury) where Opioids Were Involved,1999,30.497,-100.538
Stonewall,0,All Deaths (Natural and Injury) where Opioids Were Involved,1999,33.179,-100.254
Sterling,0,All Deaths (Natural and Injury) where Opioids Were Involved,1999,31.823,-101.044
Stephens,0,All Deaths (Natural and Injury) where Opioids Were Involved,1999,32.736,-98.835
Starr,0,All Deaths (Natural and Injury) where Opioids Were Involved,1999,26.551,-98.746
Somervell,0,All Deaths (Natural and Injury) where Opioids Were Involved,1999,32.223,-97.779
Smith,---,All Deaths (Natural and Injury) where Opioids Were Involved,1999,32.358,-95.289
Sherman,0,All Deaths (Natural and Injury) where Opioids Were Involved,1999,36.277,-101.893
Shelby,0,All Deaths (Natural and Injury) where Opioids Were Involved,1999,31.802,-94.152
Shackelford,0,All Deaths (Natural and Injury) where Opioids Were Involved,1999,32.736,-99.354
Scurry,0,All Deaths (Natural and Injury) where Opioids Were Involved,1999,32.745,-100.915
Schleicher,0,All Deaths (Natural and Injury) where Opioids Were Involved,1999,30.897,-100.538
San Saba,0,All Deaths (Natural and Injury) where Opioids Were Involved,1999,31.152,-98.753
San Patricio,---,All Deaths (Natural and Injury) where Opioids Were Involved,1999,27.999,-97.521
San Jacinto,---,All Deaths (Natural and Injury) where Opioids Were Involved,1999,30.518,-95.094
San Augustine,0,All Deaths (Natural and Injury) where Opioids Were Involved,1999,31.385,-94.191
Sabine,0,All Deaths (Natural and Injury) where Opioids Were Involved,1999,31.363,-93.821
Rusk,0,All Deaths (Natural and Injury) where Opioids Were Involved,1999,32.107,-94.719
Runnels,0,All Deaths (Natural and Injury) where Opioids Were Involved,1999,31.83,-99.975
Rockwall,0,All Deaths (Natural and Injury) where Opioids Were Involved,1999,32.897,-96.408
Robertson,0,All Deaths (Natural and Injury) where Opioids Were Involved,1999,30.981,-96.532
Roberts,0,All Deaths (Natural and Injury) where Opioids Were Involved,1999,35.838,-100.812
Refugio,0,All Deaths (Natural and Injury) where Opioids Were Involved,1999,28.324,-97.152
Reeves,0,All Deaths (Natural and Injury) where Opioids Were Involved,1999,31.218,-103.556
Red River,0,All Deaths (Natural and Injury) where Opioids Were Involved,1999,33.619,-95.021
Real,0,All Deaths (Natural and Injury) where Opioids Were Involved,1999,29.849,-99.832
Reagan,0,All Deaths (Natural and Injury) where Opioids Were Involved,1999,31.365,-101.521
Randall,---,All Deaths (Natural and Injury) where Opioids Were Involved,1999,34.965,-101.895
Rains,0,All Deaths (Natural and Injury) where Opioids Were Involved,1999,32.873,-95.811
Presidio,0,All Deaths (Natural and Injury) where Opioids Were Involved,1999,30.029,-104.386
Potter,0,All Deaths (Natural and Injury) where Opioids Were Involved,1999,35.401,-101.895
Polk,0,All Deaths (Natural and Injury) where Opioids Were Involved,1999,30.832,-94.869
Pecos,0,All Deaths (Natural and Injury) where Opioids Were Involved,1999,30.728,-102.676
Parmer,0,All Deaths (Natural and Injury) where Opioids Were Involved,1999,34.53,-102.784
Parker,0,All Deaths (Natural and Injury) where Opioids Were Involved,1999,32.777,-97.805
Panola,0,All Deaths (Natural and Injury) where Opioids Were Involved,1999,32.157,-94.308
Palo Pinto,0,All Deaths (Natural and Injury) where Opioids Were Involved,1999,32.759,-98.316
Orange,0,All Deaths (Natural and Injury) where Opioids Were Involved,1999,30.114,-93.903
Oldham,0,All Deaths (Natural and Injury) where Opioids Were Involved,1999,35.405,-102.602
Ochiltree,0,All Deaths (Natural and Injury) where Opioids Were Involved,1999,36.278,-100.815
Nueces,0,All Deaths (Natural and Injury) where Opioids Were Involved,1999,27.711,-97.463
Nolan,0,All Deaths (Natural and Injury) where Opioids Were Involved,1999,32.303,-100.405
Newton,0,All Deaths (Natural and Injury) where Opioids Were Involved,1999,30.879,-93.709
Navarro,0,All Deaths (Natural and Injury) where Opioids Were Involved,1999,32.045,-96.473
Nacogdoches,0,All Deaths (Natural and Injury) where Opioids Were Involved,1999,31.643,-94.639
Motley,0,All Deaths (Natural and Injury) where Opioids Were Involved,1999,34.073,-100.779
Morris,0,All Deaths (Natural and Injury) where Opioids Were Involved,1999,33.116,-94.736
Moore,0,All Deaths (Natural and Injury) where Opioids Were Involved,1999,35.837,-101.892
Montgomery,0,All Deaths (Natural and Injury) where Opioids Were Involved,1999,30.306,-95.463
Montague,0,All Deaths (Natural and Injury) where Opioids Were Involved,1999,33.685,-97.731
Mitchell,0,All Deaths (Natural and Injury) where Opioids Were Involved,1999,32.306,-100.922
Mills,0,All Deaths (Natural and Injury) where Opioids Were Involved,1999,31.515,-98.63
Milam,0,All Deaths (Natural and Injury) where Opioids Were Involved,1999,30.798,-96.963
Midland,0,All Deaths (Natural and Injury) where Opioids Were Involved,1999,31.869,-102.031
Menard,0,All Deaths (Natural and Injury) where Opioids Were Involved,1999,30.898,-99.8
Medina,0,All Deaths (Natural and Injury) where Opioids Were Involved,1999,29.357,-99.109
McMullen,0,All Deaths (Natural and Injury) where Opioids Were Involved,1999,28.352,-98.568
McLennan,0,All Deaths (Natural and Injury) where Opioids Were Involved,1999,31.549,-97.203
McCulloch,0,All Deaths (Natural and Injury) where Opioids Were Involved,1999,31.182,-99.347
Maverick,0,All Deaths (Natural and Injury) where Opioids Were Involved,1999,28.801,-100.389
Matagorda,0,All Deaths (Natural and Injury) where Opioids Were Involved,1999,28.859,-95.945
Mason,0,All Deaths (Natural and Injury) where Opioids Were Involved,1999,30.719,-99.224
Martin,0,All Deaths (Natural and Injury) where Opioids Were Involved,1999,32.305,-101.949
Marion,0,All Deaths (Natural and Injury) where Opioids Were Involved,1999,32.788,-94.376
Madison,0,All Deaths (Natural and Injury) where Opioids Were Involved,1999,30.973,-95.926
Lynn,0,All Deaths (Natural and Injury) where Opioids Were Involved,1999,33.176,-101.816
Lubbock,---,All Deaths (Natural and Injury) where Opioids Were Involved,1999,33.61,-101.821
Loving,0,All Deaths (Natural and Injury) where Opioids Were Involved,1999,31.855,-103.655
Llano,0,All Deaths (Natural and Injury) where Opioids Were Involved,1999,30.71,-98.657
Live Oak,0,All Deaths (Natural and Injury) where Opioids Were Involved,1999,28.345,-98.071
Lipscomb,0,All Deaths (Natural and Injury) where Opioids Were Involved,1999,36.277,-100.273
Limestone,0,All Deaths (Natural and Injury) where Opioids Were Involved,1999,31.515,-96.584
Liberty,---,All Deaths (Natural and Injury) where Opioids Were Involved,1999,30.188,-94.804
Leon,0,All Deaths (Natural and Injury) where Opioids Were Involved,1999,31.304,-95.993
Lee,0,All Deaths (Natural and Injury) where Opioids Were Involved,1999,30.296,-96.987
Lavaca,0,All Deaths (Natural and Injury) where Opioids Were Involved,1999,29.361,-96.9
Lampasas,0,All Deaths (Natural and Injury) where Opioids Were Involved,1999,31.232,-98.238
Lamb,0,All Deaths (Natural and Injury) where Opioids Were Involved,1999,34.069,-102.35
Lamar,0,All Deaths (Natural and Injury) where Opioids Were Involved,1999,33.702,-95.582
La Salle,0,All Deaths (Natural and Injury) where Opioids Were Involved,1999,28.344,-99.098
Knox,0,All Deaths (Natural and Injury) where Opioids Were Involved,1999,33.602,-99.734
Kleberg,0,All Deaths (Natural and Injury) where Opioids Were Involved,1999,27.419,-97.612
Kinney,0,All Deaths (Natural and Injury) where Opioids Were Involved,1999,29.354,-100.454
King,0,All Deaths (Natural and Injury) where Opioids Were Involved,1999,33.616,-100.254
Kimble,0,All Deaths (Natural and Injury) where Opioids Were Involved,1999,30.5,-99.709
Kerr,0,All Deaths (Natural and Injury) where Opioids Were Involved,1999,30.096,-99.337
Kent,0,All Deaths (Natural and Injury) where Opioids Were Involved,1999,33.181,-100.777
Kenedy,0,All Deaths (Natural and Injury) where Opioids Were Involved,1999,26.938,-97.605
Kendall,0,All Deaths (Natural and Injury) where Opioids Were Involved,1999,29.941,-98.667
Kaufman,0,All Deaths (Natural and Injury) where Opioids Were Involved,1999,32.586,-96.302
Karnes,0,All Deaths (Natural and Injury) where Opioids Were Involved,1999,28.902,-97.882
Jones,0,All Deaths (Natural and Injury) where Opioids Were Involved,1999,32.74,-99.879
Johnson,0,All Deaths (Natural and Injury) where Opioids Were Involved,1999,32.381,-97.351
Jim Wells,0,All Deaths (Natural and Injury) where Opioids Were Involved,1999,27.846,-98.012
Jim Hogg,0,All Deaths (Natural and Injury) where Opioids Were Involved,1999,27.07,-98.686
Jefferson,---,All Deaths (Natural and Injury) where Opioids Were Involved,1999,29.879,-94.129
Jeff Davis,0,All Deaths (Natural and Injury) where Opioids Were Involved,1999,30.76,-104.209
Jasper,0,All Deaths (Natural and Injury) where Opioids Were Involved,1999,30.941,-94.162
Jackson,0,All Deaths (Natural and Injury) where Opioids Were Involved,1999,28.975,-96.623
Jack,0,All Deaths (Natural and Injury) where Opioids Were Involved,1999,33.235,-98.172
Irion,0,All Deaths (Natural and Injury) where Opioids Were Involved,1999,31.304,-100.981
Hutchinson,0,All Deaths (Natural and Injury) where Opioids Were Involved,1999,35.84,-101.354
Hunt,0,All Deaths (Natural and Injury) where Opioids Were Involved,1999,33.109,-96.077
Hudspeth,0,All Deaths (Natural and Injury) where Opioids Were Involved,1999,31.462,-105.452
Howard,0,All Deaths (Natural and Injury) where Opioids Were Involved,1999,32.305,-101.434
Houston,0,All Deaths (Natural and Injury) where Opioids Were Involved,1999,31.342,-95.367
Hopkins,---,All Deaths (Natural and Injury) where Opioids Were Involved,1999,33.159,-95.585
Hood,---,All Deaths (Natural and Injury) where Opioids Were Involved,1999,32.421,-97.841
Hockley,0,All Deaths (Natural and Injury) where Opioids Were Involved,1999,33.606,-102.345
Hill,---,All Deaths (Natural and Injury) where Opioids Were Involved,1999,32.044,-97.108
Hidalgo,---,All Deaths (Natural and Injury) where Opioids Were Involved,1999,26.429,-98.224
Henderson,0,All Deaths (Natural and Injury) where Opioids Were Involved,1999,32.188,-95.941
Hemphill,0,All Deaths (Natural and Injury) where Opioids Were Involved,1999,35.837,-100.27
Hays,0,All Deaths (Natural and Injury) where Opioids Were Involved,1999,30.001,-98.003
Haskell,0,All Deaths (Natural and Injury) where Opioids Were Involved,1999,33.178,-99.731
Hartley,0,All Deaths (Natural and Injury) where Opioids Were Involved,1999,35.84,-102.602
Harrison,0,All Deaths (Natural and Injury) where Opioids Were Involved,1999,32.522,-94.372
Harris,---,All Deaths (Natural and Injury) where Opioids Were Involved,1999,29.849,-95.434
Hardin,0,All Deaths (Natural and Injury) where Opioids Were Involved,1999,30.312,-94.401
Hardeman,0,All Deaths (Natural and Injury) where Opioids Were Involved,1999,34.253,-99.736
Hansford,0,All Deaths (Natural and Injury) where Opioids Were Involved,1999,36.277,-101.354
Hamilton,0,All Deaths (Natural and Injury) where Opioids Were Involved,1999,31.73,-98.115
Hall,0,All Deaths (Natural and Injury) where Opioids Were Involved,1999,34.53,-100.681
Hale,---,All Deaths (Natural and Injury) where Opioids Were Involved,1999,34.07,-101.826
Guadalupe,0,All Deaths (Natural and Injury) where Opioids Were Involved,1999,29.579,-97.971
Grimes,0,All Deaths (Natural and Injury) where Opioids Were Involved,1999,30.539,-95.996
Gregg,0,All Deaths (Natural and Injury) where Opioids Were Involved,1999,32.501,-94.783
Grayson,---,All Deaths (Natural and Injury) where Opioids Were Involved,1999,33.659,-96.662
Gray,0,All Deaths (Natural and Injury) where Opioids Were Involved,1999,35.401,-100.812
Gonzales,0,All Deaths (Natural and Injury) where Opioids Were Involved,1999,29.443,-97.494
Goliad,0,All Deaths (Natural and Injury) where Opioids Were Involved,1999,28.654,-97.466
Glasscock,0,All Deaths (Natural and Injury) where Opioids Were Involved,1999,31.869,-101.52
Gillespie,0,All Deaths (Natural and Injury) where Opioids Were Involved,1999,30.318,-98.945
Garza,0,All Deaths (Natural and Injury) where Opioids Were Involved,1999,33.179,-101.298
Galveston,0,All Deaths (Natural and Injury) where Opioids Were Involved,1999,29.3482,-95.0128
Gaines,0,All Deaths (Natural and Injury) where Opioids Were Involved,1999,32.74,-102.633
Frio,0,All Deaths (Natural and Injury) where Opioids Were Involved,1999,28.867,-99.107
Freestone,0,All Deaths (Natural and Injury) where Opioids Were Involved,1999,31.715,-96.138
Franklin,0,All Deaths (Natural and Injury) where Opioids Were Involved,1999,33.169,-95.216
Fort Bend,0,All Deaths (Natural and Injury) where Opioids Were Involved,1999,29.535,-95.756
Foard,0,All Deaths (Natural and Injury) where Opioids Were Involved,1999,33.958,-99.761
Floyd,0,All Deaths (Natural and Injury) where Opioids Were Involved,1999,34.072,-101.303
Fisher,0,All Deaths (Natural and Injury) where Opioids Were Involved,1999,32.743,-100.402
Fayette,0,All Deaths (Natural and Injury) where Opioids Were Involved,1999,29.85,-96.943
Fannin,0,All Deaths (Natural and Injury) where Opioids Were Involved,1999,33.605,-96.114
Falls,0,All Deaths (Natural and Injury) where Opioids Were Involved,1999,31.253,-96.937
Erath,0,All Deaths (Natural and Injury) where Opioids Were Involved,1999,32.215,-98.208
Ellis,0,All Deaths (Natural and Injury) where Opioids Were Involved,1999,32.35,-96.735
El Paso,---,All Deaths (Natural and Injury) where Opioids Were Involved,1999,31.804,-106.299
Edwards,0,All Deaths (Natural and Injury) where Opioids Were Involved,1999,29.956,-100.227
Ector,0,All Deaths (Natural and Injury) where Opioids Were Involved,1999,31.869,-102.543
Eastland,0,All Deaths (Natural and Injury) where Opioids Were Involved,1999,32.326,-98.796
Duval,0,All Deaths (Natural and Injury) where Opioids Were Involved,1999,27.661,-98.517
Donley,0,All Deaths (Natural and Injury) where Opioids Were Involved,1999,34.965,-100.814
Dimmit,0,All Deaths (Natural and Injury) where Opioids Were Involved,1999,28.422,-99.754
Dickens,0,All Deaths (Natural and Injury) where Opioids Were Involved,1999,33.616,-100.779
DeWitt,0,All Deaths (Natural and Injury) where Opioids Were Involved,1999,29.096,-97.365
Denton,---,All Deaths (Natural and Injury) where Opioids Were Involved,1999,33.203,-97.116
Delta,0,All Deaths (Natural and Injury) where Opioids Were Involved,1999,33.414,-95.583
Deaf Smith,0,All Deaths (Natural and Injury) where Opioids Were Involved,1999,34.966,-102.605
Dawson,0,All Deaths (Natural and Injury) where Opioids Were Involved,1999,32.742,-101.948
Dallas,---,All Deaths (Natural and Injury) where Opioids Were Involved,1999,32.766,-96.777
Dallam,0,All Deaths (Natural and Injury) where Opioids Were Involved,1999,36.277,-102.602
Culberson,0,All Deaths (Natural and Injury) where Opioids Were Involved,1999,31.453,-104.471
Crosby,0,All Deaths (Natural and Injury) where Opioids Were Involved,1999,33.614,-101.301
Crockett,0,All Deaths (Natural and Injury) where Opioids Were Involved,1999,30.858,-101.675
Crane,0,All Deaths (Natural and Injury) where Opioids Were Involved,1999,31.456,-102.534
Cottle,0,All Deaths (Natural and Injury) where Opioids Were Involved,1999,34.074,-100.258
Coryell,0,All Deaths (Natural and Injury) where Opioids Were Involved,1999,31.39,-97.799
Cooke,---,All Deaths (Natural and Injury) where Opioids Were Involved,1999,33.67,-97.215
Concho,0,All Deaths (Natural and Injury) where Opioids Were Involved,1999,31.332,-99.858
Comanche,0,All Deaths (Natural and Injury) where Opioids Were Involved,1999,31.981,-98.54
Comal,0,All Deaths (Natural and Injury) where Opioids Were Involved,1999,29.809,-98.322
Colorado,0,All Deaths (Natural and Injury) where Opioids Were Involved,1999,29.604,-96.524
Collingsworth,0,All Deaths (Natural and Injury) where Opioids Were Involved,1999,34.965,-100.27
Collin,0,All Deaths (Natural and Injury) where Opioids Were Involved,1999,33.191,-96.569
Coleman,0,All Deaths (Natural and Injury) where Opioids Were Involved,1999,31.757,-99.459
Coke,0,All Deaths (Natural and Injury) where Opioids Were Involved,1999,31.888,-100.53
Cochran,0,All Deaths (Natural and Injury) where Opioids Were Involved,1999,33.606,-102.825
Clay,0,All Deaths (Natural and Injury) where Opioids Were Involved,1999,33.79,-98.184
Childress,0,All Deaths (Natural and Injury) where Opioids Were Involved,1999,34.529,-100.207
Cherokee,0,All Deaths (Natural and Injury) where Opioids Were Involved,1999,31.857,-95.164
Chambers,0,All Deaths (Natural and Injury) where Opioids Were Involved,1999,29.713,-94.685
Castro,0,All Deaths (Natural and Injury) where Opioids Were Involved,1999,34.529,-102.261
Cass,0,All Deaths (Natural and Injury) where Opioids Were Involved,1999,33.068,-94.348
Carson,0,All Deaths (Natural and Injury) where Opioids Were Involved,1999,35.403,-101.354
Camp,0,All Deaths (Natural and Injury) where Opioids Were Involved,1999,32.988,-94.936
Callahan,0,All Deaths (Natural and Injury) where Opioids Were Involved,1999,32.297,-99.372
Calhoun,0,All Deaths (Natural and Injury) where Opioids Were Involved,1999,28.44,-96.626
Caldwell,0,All Deaths (Natural and Injury) where Opioids Were Involved,1999,29.833,-97.607
Burnet,0,All Deaths (Natural and Injury) where Opioids Were Involved,1999,30.731,-98.144
Burleson,0,All Deaths (Natural and Injury) where Opioids Were Involved,1999,30.514,-96.617
Brown,0,All Deaths (Natural and Injury) where Opioids Were Involved,1999,31.797,-98.936
Brooks,0,All Deaths (Natural and Injury) where Opioids Were Involved,1999,27.022,-98.261
Briscoe,0,All Deaths (Natural and Injury) where Opioids Were Involved,1999,34.529,-101.208
Brewster,0,All Deaths (Natural and Injury) where Opioids Were Involved,1999,29.747,-103.06
Brazos,---,All Deaths (Natural and Injury) where Opioids Were Involved,1999,30.707,-96.34
Brazoria,---,All Deaths (Natural and Injury) where Opioids Were Involved,1999,29.11,-95.465
Bowie,0,All Deaths (Natural and Injury) where Opioids Were Involved,1999,33.406,-94.394
Bosque,0,All Deaths (Natural and Injury) where Opioids Were Involved,1999,31.92,-97.641
Borden,0,All Deaths (Natural and Injury) where Opioids Were Involved,1999,32.743,-101.432
Blanco,0,All Deaths (Natural and Injury) where Opioids Were Involved,1999,30.236,-98.358
Bexar,---,All Deaths (Natural and Injury) where Opioids Were Involved,1999,29.433,-98.461
Bell,0,All Deaths (Natural and Injury) where Opioids Were Involved,1999,31.051,-97.492
Bee,0,All Deaths (Natural and Injury) where Opioids Were Involved,1999,28.394,-97.732
Baylor,0,All Deaths (Natural and Injury) where Opioids Were Involved,1999,33.616,-99.214
Bastrop,0,All Deaths (Natural and Injury) where Opioids Were Involved,1999,30.104,-97.336
Bandera,0,All Deaths (Natural and Injury) where Opioids Were Involved,1999,29.76,-99.191
Bailey,0,All Deaths (Natural and Injury) where Opioids Were Involved,1999,34.068,-102.831
Austin,0,All Deaths (Natural and Injury) where Opioids Were Involved,1999,29.927,-96.313
Atascosa,0,All Deaths (Natural and Injury) where Opioids Were Involved,1999,28.888,-98.451
Armstrong,0,All Deaths (Natural and Injury) where Opioids Were Involved,1999,34.965,-101.357
Archer,0,All Deaths (Natural and Injury) where Opioids Were Involved,1999,33.615,-98.687
Aransas,0,All Deaths (Natural and Injury) where Opioids Were Involved,1999,28.0641,-97.0988
Angelina,0,All Deaths (Natural and Injury) where Opioids Were Involved,1999,31.248,-94.567
Andrews,0,All Deaths (Natural and Injury) where Opioids Were Involved,1999,32.304,-102.637
Anderson,0,All Deaths (Natural and Injury) where Opioids Were Involved,1999,31.788,-95.661
